ctime,relname,pid,mode,granted
1416684193.70347,pg_locks,7335,AccessShareLock,t
1416684193.70347,pg_stat_activity,7338,AccessShareLock,t
1416684193.70347,pg_stat_all_indexes,7342,AccessShareLock,t
1416684193.70347,pg_stat_all_tables,7340,AccessShareLock,t
1416684193.70347,pg_stat_database,7339,AccessShareLock,t
1416684193.70347,pg_statio_all_indexes,7342,AccessShareLock,t
1416684193.70347,pg_statio_all_tables,7340,AccessShareLock,t
1416684253.70613,customer,8324,AccessShareLock,t
1416684253.70613,customer,8348,AccessShareLock,t
1416684253.70613,customer_c_mktsegment_c_custkey_idx,8324,AccessShareLock,t
1416684253.70613,customer_c_mktsegment_c_custkey_idx,8348,AccessShareLock,t
1416684253.70613,customer_c_nationkey_c_custkey_brin_idx,8324,AccessShareLock,t
1416684253.70613,customer_c_nationkey_c_custkey_brin_idx,8348,AccessShareLock,t
1416684253.70613,customer_c_phone_idx,8324,AccessShareLock,t
1416684253.70613,customer_c_phone_idx,8348,AccessShareLock,t
1416684253.70613,customer_c_phone_idx_c_acctbal,8324,AccessShareLock,t
1416684253.70613,customer_c_phone_idx_c_acctbal,8348,AccessShareLock,t
1416684253.70613,lineitem,8420,AccessShareLock,t
1416684253.70613,lineitem,8396,RowExclusiveLock,t
1416684253.70613,lineitem,8324,AccessShareLock,t
1416684253.70613,lineitem,8378,AccessShareLock,t
1416684253.70613,lineitem,8347,AccessShareLock,t
1416684253.70613,lineitem,8348,AccessShareLock,t
1416684253.70613,lineitem_l_orderkey_brin_idx,8396,RowExclusiveLock,t
1416684253.70613,lineitem_l_orderkey_brin_idx,8348,AccessShareLock,t
1416684253.70613,lineitem_l_orderkey_brin_idx,8324,AccessShareLock,t
1416684253.70613,lineitem_l_orderkey_brin_idx,8347,AccessShareLock,t
1416684253.70613,lineitem_l_orderkey_brin_idx,8420,AccessShareLock,t
1416684253.70613,lineitem_l_orderkey_brin_idx,8378,AccessShareLock,t
1416684253.70613,lineitem_l_orderkey_idx_brin_part1,8378,AccessShareLock,t
1416684253.70613,lineitem_l_orderkey_idx_brin_part1,8348,AccessShareLock,t
1416684253.70613,lineitem_l_orderkey_idx_brin_part1,8420,AccessShareLock,t
1416684253.70613,lineitem_l_orderkey_idx_brin_part1,8396,RowExclusiveLock,t
1416684253.70613,lineitem_l_orderkey_idx_brin_part1,8324,AccessShareLock,t
1416684253.70613,lineitem_l_orderkey_idx_brin_part1,8347,AccessShareLock,t
1416684253.70613,lineitem_l_orderkey_idx_brin_part2,8396,RowExclusiveLock,t
1416684253.70613,lineitem_l_orderkey_idx_brin_part2,8420,AccessShareLock,t
1416684253.70613,lineitem_l_orderkey_idx_brin_part2,8348,AccessShareLock,t
1416684253.70613,lineitem_l_orderkey_idx_brin_part2,8378,AccessShareLock,t
1416684253.70613,lineitem_l_orderkey_idx_brin_part2,8347,AccessShareLock,t
1416684253.70613,lineitem_l_orderkey_idx_brin_part2,8324,AccessShareLock,t
1416684253.70613,lineitem_l_orderkey_l_linenumber_l_shipdate_brin_idx,8347,AccessShareLock,t
1416684253.70613,lineitem_l_orderkey_l_linenumber_l_shipdate_brin_idx,8396,RowExclusiveLock,t
1416684253.70613,lineitem_l_orderkey_l_linenumber_l_shipdate_brin_idx,8420,AccessShareLock,t
1416684253.70613,lineitem_l_orderkey_l_linenumber_l_shipdate_brin_idx,8378,AccessShareLock,t
1416684253.70613,lineitem_l_orderkey_l_linenumber_l_shipdate_brin_idx,8324,AccessShareLock,t
1416684253.70613,lineitem_l_orderkey_l_linenumber_l_shipdate_brin_idx,8348,AccessShareLock,t
1416684253.70613,lineitem_l_partkey_l_quantity_brin_idx,8324,AccessShareLock,t
1416684253.70613,lineitem_l_partkey_l_quantity_brin_idx,8420,AccessShareLock,t
1416684253.70613,lineitem_l_partkey_l_quantity_brin_idx,8378,AccessShareLock,t
1416684253.70613,lineitem_l_partkey_l_quantity_brin_idx,8348,AccessShareLock,t
1416684253.70613,lineitem_l_partkey_l_quantity_brin_idx,8396,RowExclusiveLock,t
1416684253.70613,lineitem_l_partkey_l_quantity_brin_idx,8347,AccessShareLock,t
1416684253.70613,lineitem_l_partkey_l_quantity_idx,8347,AccessShareLock,t
1416684253.70613,lineitem_l_partkey_l_quantity_idx,8396,RowExclusiveLock,t
1416684253.70613,lineitem_l_partkey_l_quantity_idx,8420,AccessShareLock,t
1416684253.70613,lineitem_l_partkey_l_quantity_idx,8378,AccessShareLock,t
1416684253.70613,lineitem_l_partkey_l_quantity_idx,8348,AccessShareLock,t
1416684253.70613,lineitem_l_partkey_l_quantity_idx,8324,AccessShareLock,t
1416684253.70613,lineitem_l_shipdate_l_suppkey_brin_idx,8348,AccessShareLock,t
1416684253.70613,lineitem_l_shipdate_l_suppkey_brin_idx,8378,AccessShareLock,t
1416684253.70613,lineitem_l_shipdate_l_suppkey_brin_idx,8420,AccessShareLock,t
1416684253.70613,lineitem_l_shipdate_l_suppkey_brin_idx,8396,RowExclusiveLock,t
1416684253.70613,lineitem_l_shipdate_l_suppkey_brin_idx,8324,AccessShareLock,t
1416684253.70613,lineitem_l_shipdate_l_suppkey_brin_idx,8347,AccessShareLock,t
1416684253.70613,orders,8324,AccessShareLock,t
1416684253.70613,orders,8348,AccessShareLock,t
1416684253.70613,orders_o_orderdate_o_orderkey_brin_idx,8348,AccessShareLock,t
1416684253.70613,orders_o_orderdate_o_orderkey_brin_idx,8324,AccessShareLock,t
1416684253.70613,orders_o_orderkey_o_orderdate_brin_idx,8348,AccessShareLock,t
1416684253.70613,orders_o_orderkey_o_orderdate_brin_idx,8324,AccessShareLock,t
1416684253.70613,part,8408,AccessShareLock,t
1416684253.70613,part,8420,AccessShareLock,t
1416684253.70613,part_p_container_p_brand_p_partkey_idx,8408,AccessShareLock,t
1416684253.70613,part_p_container_p_brand_p_partkey_idx,8420,AccessShareLock,t
1416684253.70613,part_p_name_idx,8420,AccessShareLock,t
1416684253.70613,part_p_name_idx,8408,AccessShareLock,t
1416684253.70613,part_p_size_brin_idx,8420,AccessShareLock,t
1416684253.70613,part_p_size_brin_idx,8408,AccessShareLock,t
1416684253.70613,part_p_type_p_partkey_idx,8420,AccessShareLock,t
1416684253.70613,part_p_type_p_partkey_idx,8408,AccessShareLock,t
1416684253.70613,partsupp,8408,AccessShareLock,t
1416684253.70613,partsupp_ps_suppkey_idx,8408,AccessShareLock,t
1416684253.70613,pg_locks,8431,AccessShareLock,t
1416684253.70613,pg_stat_activity,8428,AccessShareLock,t
1416684253.70613,pg_stat_all_indexes,8429,AccessShareLock,t
1416684253.70613,pg_stat_all_tables,8432,AccessShareLock,t
1416684253.70613,pg_stat_database,8430,AccessShareLock,t
1416684253.70613,pg_statio_all_indexes,8429,AccessShareLock,t
1416684253.70613,pg_statio_all_tables,8432,AccessShareLock,t
1416684253.70613,pk_customer,8348,AccessShareLock,t
1416684253.70613,pk_customer,8324,AccessShareLock,t
1416684253.70613,pk_lineitem,8347,AccessShareLock,t
1416684253.70613,pk_lineitem,8348,AccessShareLock,t
1416684253.70613,pk_lineitem,8378,AccessShareLock,t
1416684253.70613,pk_lineitem,8420,AccessShareLock,t
1416684253.70613,pk_lineitem,8396,RowExclusiveLock,t
1416684253.70613,pk_lineitem,8324,AccessShareLock,t
1416684253.70613,pk_orders,8348,AccessShareLock,t
1416684253.70613,pk_orders,8324,AccessShareLock,t
1416684253.70613,pk_part,8408,AccessShareLock,t
1416684253.70613,pk_part,8420,AccessShareLock,t
1416684253.70613,pk_partsupp,8408,AccessShareLock,t
1416684253.70613,pk_supplier,8347,AccessShareLock,t
1416684253.70613,pk_supplier,8408,AccessShareLock,t
1416684253.70613,supplier,8408,AccessShareLock,t
1416684253.70613,supplier,8347,AccessShareLock,t
1416684253.70613,supplier_s_nationkey_s_suppkey_brin_idx,8408,AccessShareLock,t
1416684253.70613,supplier_s_nationkey_s_suppkey_brin_idx,8347,AccessShareLock,t
1416684253.70613,supplier_s_suppkey_idx_like,8347,AccessShareLock,t
1416684253.70613,supplier_s_suppkey_idx_like,8408,AccessShareLock,t
1416684313.70779,customer,8504,AccessShareLock,t
1416684313.70779,customer,8625,AccessShareLock,t
1416684313.70779,customer_c_mktsegment_c_custkey_idx,8504,AccessShareLock,t
1416684313.70779,customer_c_mktsegment_c_custkey_idx,8625,AccessShareLock,t
1416684313.70779,customer_c_nationkey_c_custkey_brin_idx,8625,AccessShareLock,t
1416684313.70779,customer_c_nationkey_c_custkey_brin_idx,8504,AccessShareLock,t
1416684313.70779,customer_c_phone_idx,8625,AccessShareLock,t
1416684313.70779,customer_c_phone_idx,8504,AccessShareLock,t
1416684313.70779,customer_c_phone_idx_c_acctbal,8504,AccessShareLock,t
1416684313.70779,customer_c_phone_idx_c_acctbal,8625,AccessShareLock,t
1416684313.70779,lineitem,8546,AccessShareLock,t
1416684313.70779,lineitem,8601,AccessShareLock,t
1416684313.70779,lineitem,8504,AccessShareLock,t
1416684313.70779,lineitem,8558,AccessShareLock,t
1416684313.70779,lineitem,8589,RowExclusiveLock,t
1416684313.70779,lineitem,8613,AccessShareLock,t
1416684313.70779,lineitem_l_orderkey_brin_idx,8613,AccessShareLock,t
1416684313.70779,lineitem_l_orderkey_brin_idx,8504,AccessShareLock,t
1416684313.70779,lineitem_l_orderkey_brin_idx,8601,AccessShareLock,t
1416684313.70779,lineitem_l_orderkey_brin_idx,8589,RowExclusiveLock,t
1416684313.70779,lineitem_l_orderkey_brin_idx,8558,AccessShareLock,t
1416684313.70779,lineitem_l_orderkey_brin_idx,8546,AccessShareLock,t
1416684313.70779,lineitem_l_orderkey_idx_brin_part1,8601,AccessShareLock,t
1416684313.70779,lineitem_l_orderkey_idx_brin_part1,8546,AccessShareLock,t
1416684313.70779,lineitem_l_orderkey_idx_brin_part1,8504,AccessShareLock,t
1416684313.70779,lineitem_l_orderkey_idx_brin_part1,8613,AccessShareLock,t
1416684313.70779,lineitem_l_orderkey_idx_brin_part1,8589,RowExclusiveLock,t
1416684313.70779,lineitem_l_orderkey_idx_brin_part1,8558,AccessShareLock,t
1416684313.70779,lineitem_l_orderkey_idx_brin_part2,8504,AccessShareLock,t
1416684313.70779,lineitem_l_orderkey_idx_brin_part2,8589,RowExclusiveLock,t
1416684313.70779,lineitem_l_orderkey_idx_brin_part2,8546,AccessShareLock,t
1416684313.70779,lineitem_l_orderkey_idx_brin_part2,8613,AccessShareLock,t
1416684313.70779,lineitem_l_orderkey_idx_brin_part2,8601,AccessShareLock,t
1416684313.70779,lineitem_l_orderkey_idx_brin_part2,8558,AccessShareLock,t
1416684313.70779,lineitem_l_orderkey_l_linenumber_l_shipdate_brin_idx,8504,AccessShareLock,t
1416684313.70779,lineitem_l_orderkey_l_linenumber_l_shipdate_brin_idx,8558,AccessShareLock,t
1416684313.70779,lineitem_l_orderkey_l_linenumber_l_shipdate_brin_idx,8589,RowExclusiveLock,t
1416684313.70779,lineitem_l_orderkey_l_linenumber_l_shipdate_brin_idx,8546,AccessShareLock,t
1416684313.70779,lineitem_l_orderkey_l_linenumber_l_shipdate_brin_idx,8601,AccessShareLock,t
1416684313.70779,lineitem_l_orderkey_l_linenumber_l_shipdate_brin_idx,8613,AccessShareLock,t
1416684313.70779,lineitem_l_partkey_l_quantity_brin_idx,8546,AccessShareLock,t
1416684313.70779,lineitem_l_partkey_l_quantity_brin_idx,8504,AccessShareLock,t
1416684313.70779,lineitem_l_partkey_l_quantity_brin_idx,8558,AccessShareLock,t
1416684313.70779,lineitem_l_partkey_l_quantity_brin_idx,8589,RowExclusiveLock,t
1416684313.70779,lineitem_l_partkey_l_quantity_brin_idx,8613,AccessShareLock,t
1416684313.70779,lineitem_l_partkey_l_quantity_brin_idx,8601,AccessShareLock,t
1416684313.70779,lineitem_l_partkey_l_quantity_idx,8613,AccessShareLock,t
1416684313.70779,lineitem_l_partkey_l_quantity_idx,8504,AccessShareLock,t
1416684313.70779,lineitem_l_partkey_l_quantity_idx,8558,AccessShareLock,t
1416684313.70779,lineitem_l_partkey_l_quantity_idx,8589,RowExclusiveLock,t
1416684313.70779,lineitem_l_partkey_l_quantity_idx,8601,AccessShareLock,t
1416684313.70779,lineitem_l_partkey_l_quantity_idx,8546,AccessShareLock,t
1416684313.70779,lineitem_l_shipdate_l_suppkey_brin_idx,8613,AccessShareLock,t
1416684313.70779,lineitem_l_shipdate_l_suppkey_brin_idx,8546,AccessShareLock,t
1416684313.70779,lineitem_l_shipdate_l_suppkey_brin_idx,8589,RowExclusiveLock,t
1416684313.70779,lineitem_l_shipdate_l_suppkey_brin_idx,8558,AccessShareLock,t
1416684313.70779,lineitem_l_shipdate_l_suppkey_brin_idx,8504,AccessShareLock,t
1416684313.70779,lineitem_l_shipdate_l_suppkey_brin_idx,8601,AccessShareLock,t
1416684313.70779,nation,8601,AccessShareLock,t
1416684313.70779,orders,8625,AccessShareLock,t
1416684313.70779,orders,8601,AccessShareLock,t
1416684313.70779,orders,8589,RowExclusiveLock,t
1416684313.70779,orders,8504,AccessShareLock,t
1416684313.70779,orders_o_orderdate_o_orderkey_brin_idx,8589,RowExclusiveLock,t
1416684313.70779,orders_o_orderdate_o_orderkey_brin_idx,8601,AccessShareLock,t
1416684313.70779,orders_o_orderdate_o_orderkey_brin_idx,8625,AccessShareLock,t
1416684313.70779,orders_o_orderdate_o_orderkey_brin_idx,8504,AccessShareLock,t
1416684313.70779,orders_o_orderkey_o_orderdate_brin_idx,8601,AccessShareLock,t
1416684313.70779,orders_o_orderkey_o_orderdate_brin_idx,8504,AccessShareLock,t
1416684313.70779,orders_o_orderkey_o_orderdate_brin_idx,8589,RowExclusiveLock,t
1416684313.70779,orders_o_orderkey_o_orderdate_brin_idx,8625,AccessShareLock,t
1416684313.70779,part,8601,AccessShareLock,t
1416684313.70779,part_p_container_p_brand_p_partkey_idx,8601,AccessShareLock,t
1416684313.70779,part_p_name_idx,8601,AccessShareLock,t
1416684313.70779,part_p_size_brin_idx,8601,AccessShareLock,t
1416684313.70779,part_p_type_p_partkey_idx,8601,AccessShareLock,t
1416684313.70779,partsupp,8601,AccessShareLock,t
1416684313.70779,partsupp_ps_suppkey_idx,8601,AccessShareLock,t
1416684313.70779,pg_locks,8633,AccessShareLock,t
1416684313.70779,pg_stat_activity,8635,AccessShareLock,t
1416684313.70779,pg_stat_all_indexes,8637,AccessShareLock,t
1416684313.70779,pg_stat_all_tables,8634,AccessShareLock,t
1416684313.70779,pg_stat_database,8636,AccessShareLock,t
1416684313.70779,pg_statio_all_indexes,8637,AccessShareLock,t
1416684313.70779,pg_statio_all_tables,8634,AccessShareLock,t
1416684313.70779,pk_customer,8504,AccessShareLock,t
1416684313.70779,pk_customer,8625,AccessShareLock,t
1416684313.70779,pk_lineitem,8601,AccessShareLock,t
1416684313.70779,pk_lineitem,8558,AccessShareLock,t
1416684313.70779,pk_lineitem,8589,RowExclusiveLock,t
1416684313.70779,pk_lineitem,8546,AccessShareLock,t
1416684313.70779,pk_lineitem,8613,AccessShareLock,t
1416684313.70779,pk_lineitem,8504,AccessShareLock,t
1416684313.70779,pk_nation,8601,AccessShareLock,t
1416684313.70779,pk_orders,8625,AccessShareLock,t
1416684313.70779,pk_orders,8504,AccessShareLock,t
1416684313.70779,pk_orders,8589,RowExclusiveLock,t
1416684313.70779,pk_orders,8601,AccessShareLock,t
1416684313.70779,pk_part,8601,AccessShareLock,t
1416684313.70779,pk_partsupp,8601,AccessShareLock,t
1416684313.70779,pk_supplier,8601,AccessShareLock,t
1416684313.70779,pk_supplier,8546,AccessShareLock,t
1416684313.70779,supplier,8546,AccessShareLock,t
1416684313.70779,supplier,8601,AccessShareLock,t
1416684313.70779,supplier_s_nationkey_s_suppkey_brin_idx,8601,AccessShareLock,t
1416684313.70779,supplier_s_nationkey_s_suppkey_brin_idx,8546,AccessShareLock,t
1416684313.70779,supplier_s_suppkey_idx_like,8546,AccessShareLock,t
1416684313.70779,supplier_s_suppkey_idx_like,8601,AccessShareLock,t
1416684373.70985,customer,8818,AccessShareLock,t
1416684373.70985,customer,8878,AccessShareLock,t
1416684373.70985,customer,8777,AccessShareLock,t
1416684373.70985,customer_c_mktsegment_c_custkey_idx,8878,AccessShareLock,t
1416684373.70985,customer_c_mktsegment_c_custkey_idx,8777,AccessShareLock,t
1416684373.70985,customer_c_mktsegment_c_custkey_idx,8818,AccessShareLock,t
1416684373.70985,customer_c_nationkey_c_custkey_brin_idx,8818,AccessShareLock,t
1416684373.70985,customer_c_nationkey_c_custkey_brin_idx,8878,AccessShareLock,t
1416684373.70985,customer_c_nationkey_c_custkey_brin_idx,8777,AccessShareLock,t
1416684373.70985,customer_c_phone_idx,8818,AccessShareLock,t
1416684373.70985,customer_c_phone_idx,8777,AccessShareLock,t
1416684373.70985,customer_c_phone_idx,8878,AccessShareLock,t
1416684373.70985,customer_c_phone_idx_c_acctbal,8878,AccessShareLock,t
1416684373.70985,customer_c_phone_idx_c_acctbal,8777,AccessShareLock,t
1416684373.70985,customer_c_phone_idx_c_acctbal,8818,AccessShareLock,t
1416684373.70985,lineitem,8777,AccessShareLock,t
1416684373.70985,lineitem,8806,AccessShareLock,t
1416684373.70985,lineitem,8878,AccessShareLock,t
1416684373.70985,lineitem,8848,AccessShareLock,t
1416684373.70985,lineitem,8601,AccessShareLock,t
1416684373.70985,lineitem,8866,RowExclusiveLock,t
1416684373.70985,lineitem,8818,AccessShareLock,t
1416684373.70985,lineitem_l_orderkey_brin_idx,8777,AccessShareLock,t
1416684373.70985,lineitem_l_orderkey_brin_idx,8848,AccessShareLock,t
1416684373.70985,lineitem_l_orderkey_brin_idx,8601,AccessShareLock,t
1416684373.70985,lineitem_l_orderkey_brin_idx,8818,AccessShareLock,t
1416684373.70985,lineitem_l_orderkey_brin_idx,8878,AccessShareLock,t
1416684373.70985,lineitem_l_orderkey_brin_idx,8806,AccessShareLock,t
1416684373.70985,lineitem_l_orderkey_brin_idx,8866,RowExclusiveLock,t
1416684373.70985,lineitem_l_orderkey_idx_brin_part1,8878,AccessShareLock,t
1416684373.70985,lineitem_l_orderkey_idx_brin_part1,8866,RowExclusiveLock,t
1416684373.70985,lineitem_l_orderkey_idx_brin_part1,8777,AccessShareLock,t
1416684373.70985,lineitem_l_orderkey_idx_brin_part1,8806,AccessShareLock,t
1416684373.70985,lineitem_l_orderkey_idx_brin_part1,8848,AccessShareLock,t
1416684373.70985,lineitem_l_orderkey_idx_brin_part1,8601,AccessShareLock,t
1416684373.70985,lineitem_l_orderkey_idx_brin_part1,8818,AccessShareLock,t
1416684373.70985,lineitem_l_orderkey_idx_brin_part2,8848,AccessShareLock,t
1416684373.70985,lineitem_l_orderkey_idx_brin_part2,8878,AccessShareLock,t
1416684373.70985,lineitem_l_orderkey_idx_brin_part2,8866,RowExclusiveLock,t
1416684373.70985,lineitem_l_orderkey_idx_brin_part2,8818,AccessShareLock,t
1416684373.70985,lineitem_l_orderkey_idx_brin_part2,8777,AccessShareLock,t
1416684373.70985,lineitem_l_orderkey_idx_brin_part2,8806,AccessShareLock,t
1416684373.70985,lineitem_l_orderkey_idx_brin_part2,8601,AccessShareLock,t
1416684373.70985,lineitem_l_orderkey_l_linenumber_l_shipdate_brin_idx,8806,AccessShareLock,t
1416684373.70985,lineitem_l_orderkey_l_linenumber_l_shipdate_brin_idx,8777,AccessShareLock,t
1416684373.70985,lineitem_l_orderkey_l_linenumber_l_shipdate_brin_idx,8866,RowExclusiveLock,t
1416684373.70985,lineitem_l_orderkey_l_linenumber_l_shipdate_brin_idx,8848,AccessShareLock,t
1416684373.70985,lineitem_l_orderkey_l_linenumber_l_shipdate_brin_idx,8878,AccessShareLock,t
1416684373.70985,lineitem_l_orderkey_l_linenumber_l_shipdate_brin_idx,8818,AccessShareLock,t
1416684373.70985,lineitem_l_orderkey_l_linenumber_l_shipdate_brin_idx,8601,AccessShareLock,t
1416684373.70985,lineitem_l_partkey_l_quantity_brin_idx,8777,AccessShareLock,t
1416684373.70985,lineitem_l_partkey_l_quantity_brin_idx,8806,AccessShareLock,t
1416684373.70985,lineitem_l_partkey_l_quantity_brin_idx,8848,AccessShareLock,t
1416684373.70985,lineitem_l_partkey_l_quantity_brin_idx,8601,AccessShareLock,t
1416684373.70985,lineitem_l_partkey_l_quantity_brin_idx,8878,AccessShareLock,t
1416684373.70985,lineitem_l_partkey_l_quantity_brin_idx,8866,RowExclusiveLock,t
1416684373.70985,lineitem_l_partkey_l_quantity_brin_idx,8818,AccessShareLock,t
1416684373.70985,lineitem_l_partkey_l_quantity_idx,8806,AccessShareLock,t
1416684373.70985,lineitem_l_partkey_l_quantity_idx,8601,AccessShareLock,t
1416684373.70985,lineitem_l_partkey_l_quantity_idx,8848,AccessShareLock,t
1416684373.70985,lineitem_l_partkey_l_quantity_idx,8878,AccessShareLock,t
1416684373.70985,lineitem_l_partkey_l_quantity_idx,8866,RowExclusiveLock,t
1416684373.70985,lineitem_l_partkey_l_quantity_idx,8818,AccessShareLock,t
1416684373.70985,lineitem_l_partkey_l_quantity_idx,8777,AccessShareLock,t
1416684373.70985,lineitem_l_shipdate_l_suppkey_brin_idx,8818,AccessShareLock,t
1416684373.70985,lineitem_l_shipdate_l_suppkey_brin_idx,8866,RowExclusiveLock,t
1416684373.70985,lineitem_l_shipdate_l_suppkey_brin_idx,8878,AccessShareLock,t
1416684373.70985,lineitem_l_shipdate_l_suppkey_brin_idx,8848,AccessShareLock,t
1416684373.70985,lineitem_l_shipdate_l_suppkey_brin_idx,8806,AccessShareLock,t
1416684373.70985,lineitem_l_shipdate_l_suppkey_brin_idx,8777,AccessShareLock,t
1416684373.70985,lineitem_l_shipdate_l_suppkey_brin_idx,8601,AccessShareLock,t
1416684373.70985,nation,8601,AccessShareLock,t
1416684373.70985,nation,8777,AccessShareLock,t
1416684373.70985,nation,8848,AccessShareLock,t
1416684373.70985,orders,8878,AccessShareLock,t
1416684373.70985,orders,8601,AccessShareLock,t
1416684373.70985,orders,8777,AccessShareLock,t
1416684373.70985,orders,8818,AccessShareLock,t
1416684373.70985,orders,8848,AccessShareLock,t
1416684373.70985,orders_o_orderdate_o_orderkey_brin_idx,8818,AccessShareLock,t
1416684373.70985,orders_o_orderdate_o_orderkey_brin_idx,8601,AccessShareLock,t
1416684373.70985,orders_o_orderdate_o_orderkey_brin_idx,8848,AccessShareLock,t
1416684373.70985,orders_o_orderdate_o_orderkey_brin_idx,8777,AccessShareLock,t
1416684373.70985,orders_o_orderdate_o_orderkey_brin_idx,8878,AccessShareLock,t
1416684373.70985,orders_o_orderkey_o_orderdate_brin_idx,8818,AccessShareLock,t
1416684373.70985,orders_o_orderkey_o_orderdate_brin_idx,8848,AccessShareLock,t
1416684373.70985,orders_o_orderkey_o_orderdate_brin_idx,8777,AccessShareLock,t
1416684373.70985,orders_o_orderkey_o_orderdate_brin_idx,8601,AccessShareLock,t
1416684373.70985,orders_o_orderkey_o_orderdate_brin_idx,8878,AccessShareLock,t
1416684373.70985,part,8848,AccessShareLock,t
1416684373.70985,part,8601,AccessShareLock,t
1416684373.70985,part_p_container_p_brand_p_partkey_idx,8601,AccessShareLock,t
1416684373.70985,part_p_container_p_brand_p_partkey_idx,8848,AccessShareLock,t
1416684373.70985,part_p_name_idx,8848,AccessShareLock,t
1416684373.70985,part_p_name_idx,8601,AccessShareLock,t
1416684373.70985,part_p_size_brin_idx,8848,AccessShareLock,t
1416684373.70985,part_p_size_brin_idx,8601,AccessShareLock,t
1416684373.70985,part_p_type_p_partkey_idx,8601,AccessShareLock,t
1416684373.70985,part_p_type_p_partkey_idx,8848,AccessShareLock,t
1416684373.70985,partsupp,8848,AccessShareLock,t
1416684373.70985,partsupp,8601,AccessShareLock,t
1416684373.70985,partsupp_ps_suppkey_idx,8848,AccessShareLock,t
1416684373.70985,partsupp_ps_suppkey_idx,8601,AccessShareLock,t
1416684373.70985,pg_locks,8886,AccessShareLock,t
1416684373.70985,pg_stat_all_indexes,8890,AccessShareLock,t
1416684373.70985,pg_stat_all_tables,8889,AccessShareLock,t
1416684373.70985,pg_stat_database,8888,AccessShareLock,t
1416684373.70985,pg_statio_all_indexes,8890,AccessShareLock,t
1416684373.70985,pg_statio_all_tables,8889,AccessShareLock,t
1416684373.70985,pk_customer,8818,AccessShareLock,t
1416684373.70985,pk_customer,8777,AccessShareLock,t
1416684373.70985,pk_customer,8878,AccessShareLock,t
1416684373.70985,pk_lineitem,8818,AccessShareLock,t
1416684373.70985,pk_lineitem,8777,AccessShareLock,t
1416684373.70985,pk_lineitem,8806,AccessShareLock,t
1416684373.70985,pk_lineitem,8601,AccessShareLock,t
1416684373.70985,pk_lineitem,8848,AccessShareLock,t
1416684373.70985,pk_lineitem,8878,AccessShareLock,t
1416684373.70985,pk_lineitem,8866,RowExclusiveLock,t
1416684373.70985,pk_nation,8777,AccessShareLock,t
1416684373.70985,pk_nation,8848,AccessShareLock,t
1416684373.70985,pk_nation,8601,AccessShareLock,t
1416684373.70985,pk_orders,8848,AccessShareLock,t
1416684373.70985,pk_orders,8878,AccessShareLock,t
1416684373.70985,pk_orders,8818,AccessShareLock,t
1416684373.70985,pk_orders,8601,AccessShareLock,t
1416684373.70985,pk_orders,8777,AccessShareLock,t
1416684373.70985,pk_part,8848,AccessShareLock,t
1416684373.70985,pk_part,8601,AccessShareLock,t
1416684373.70985,pk_partsupp,8848,AccessShareLock,t
1416684373.70985,pk_partsupp,8601,AccessShareLock,t
1416684373.70985,pk_supplier,8601,AccessShareLock,t
1416684373.70985,pk_supplier,8777,AccessShareLock,t
1416684373.70985,pk_supplier,8848,AccessShareLock,t
1416684373.70985,supplier,8777,AccessShareLock,t
1416684373.70985,supplier,8601,AccessShareLock,t
1416684373.70985,supplier,8848,AccessShareLock,t
1416684373.70985,supplier_s_nationkey_s_suppkey_brin_idx,8777,AccessShareLock,t
1416684373.70985,supplier_s_nationkey_s_suppkey_brin_idx,8601,AccessShareLock,t
1416684373.70985,supplier_s_nationkey_s_suppkey_brin_idx,8848,AccessShareLock,t
1416684373.70985,supplier_s_suppkey_idx_like,8848,AccessShareLock,t
1416684373.70985,supplier_s_suppkey_idx_like,8601,AccessShareLock,t
1416684373.70985,supplier_s_suppkey_idx_like,8777,AccessShareLock,t
1416684433.71247,customer,8878,AccessShareLock,t
1416684433.71247,customer_c_mktsegment_c_custkey_idx,8878,AccessShareLock,t
1416684433.71247,customer_c_nationkey_c_custkey_brin_idx,8878,AccessShareLock,t
1416684433.71247,customer_c_phone_idx,8878,AccessShareLock,t
1416684433.71247,customer_c_phone_idx_c_acctbal,8878,AccessShareLock,t
1416684433.71247,lineitem,8938,AccessShareLock,t
1416684433.71247,lineitem,8950,AccessShareLock,t
1416684433.71247,lineitem,8848,AccessShareLock,t
1416684433.71247,lineitem,8878,AccessShareLock,t
1416684433.71247,lineitem,9023,RowExclusiveLock,t
1416684433.71247,lineitem,9035,AccessShareLock,t
1416684433.71247,lineitem,9005,AccessShareLock,t
1416684433.71247,lineitem_l_orderkey_brin_idx,9005,AccessShareLock,t
1416684433.71247,lineitem_l_orderkey_brin_idx,8878,AccessShareLock,t
1416684433.71247,lineitem_l_orderkey_brin_idx,8938,AccessShareLock,t
1416684433.71247,lineitem_l_orderkey_brin_idx,8848,AccessShareLock,t
1416684433.71247,lineitem_l_orderkey_brin_idx,9035,AccessShareLock,t
1416684433.71247,lineitem_l_orderkey_brin_idx,8950,AccessShareLock,t
1416684433.71247,lineitem_l_orderkey_brin_idx,9023,RowExclusiveLock,t
1416684433.71247,lineitem_l_orderkey_idx_brin_part1,9005,AccessShareLock,t
1416684433.71247,lineitem_l_orderkey_idx_brin_part1,8878,AccessShareLock,t
1416684433.71247,lineitem_l_orderkey_idx_brin_part1,8848,AccessShareLock,t
1416684433.71247,lineitem_l_orderkey_idx_brin_part1,8938,AccessShareLock,t
1416684433.71247,lineitem_l_orderkey_idx_brin_part1,8950,AccessShareLock,t
1416684433.71247,lineitem_l_orderkey_idx_brin_part1,9023,RowExclusiveLock,t
1416684433.71247,lineitem_l_orderkey_idx_brin_part1,9035,AccessShareLock,t
1416684433.71247,lineitem_l_orderkey_idx_brin_part2,9005,AccessShareLock,t
1416684433.71247,lineitem_l_orderkey_idx_brin_part2,8938,AccessShareLock,t
1416684433.71247,lineitem_l_orderkey_idx_brin_part2,8848,AccessShareLock,t
1416684433.71247,lineitem_l_orderkey_idx_brin_part2,8950,AccessShareLock,t
1416684433.71247,lineitem_l_orderkey_idx_brin_part2,8878,AccessShareLock,t
1416684433.71247,lineitem_l_orderkey_idx_brin_part2,9023,RowExclusiveLock,t
1416684433.71247,lineitem_l_orderkey_idx_brin_part2,9035,AccessShareLock,t
1416684433.71247,lineitem_l_orderkey_l_linenumber_l_shipdate_brin_idx,8848,AccessShareLock,t
1416684433.71247,lineitem_l_orderkey_l_linenumber_l_shipdate_brin_idx,8938,AccessShareLock,t
1416684433.71247,lineitem_l_orderkey_l_linenumber_l_shipdate_brin_idx,9005,AccessShareLock,t
1416684433.71247,lineitem_l_orderkey_l_linenumber_l_shipdate_brin_idx,9035,AccessShareLock,t
1416684433.71247,lineitem_l_orderkey_l_linenumber_l_shipdate_brin_idx,9023,RowExclusiveLock,t
1416684433.71247,lineitem_l_orderkey_l_linenumber_l_shipdate_brin_idx,8950,AccessShareLock,t
1416684433.71247,lineitem_l_orderkey_l_linenumber_l_shipdate_brin_idx,8878,AccessShareLock,t
1416684433.71247,lineitem_l_partkey_l_quantity_brin_idx,8848,AccessShareLock,t
1416684433.71247,lineitem_l_partkey_l_quantity_brin_idx,8938,AccessShareLock,t
1416684433.71247,lineitem_l_partkey_l_quantity_brin_idx,9005,AccessShareLock,t
1416684433.71247,lineitem_l_partkey_l_quantity_brin_idx,9035,AccessShareLock,t
1416684433.71247,lineitem_l_partkey_l_quantity_brin_idx,9023,RowExclusiveLock,t
1416684433.71247,lineitem_l_partkey_l_quantity_brin_idx,8878,AccessShareLock,t
1416684433.71247,lineitem_l_partkey_l_quantity_brin_idx,8950,AccessShareLock,t
1416684433.71247,lineitem_l_partkey_l_quantity_idx,8950,AccessShareLock,t
1416684433.71247,lineitem_l_partkey_l_quantity_idx,9005,AccessShareLock,t
1416684433.71247,lineitem_l_partkey_l_quantity_idx,8938,AccessShareLock,t
1416684433.71247,lineitem_l_partkey_l_quantity_idx,9023,RowExclusiveLock,t
1416684433.71247,lineitem_l_partkey_l_quantity_idx,9035,AccessShareLock,t
1416684433.71247,lineitem_l_partkey_l_quantity_idx,8878,AccessShareLock,t
1416684433.71247,lineitem_l_partkey_l_quantity_idx,8848,AccessShareLock,t
1416684433.71247,lineitem_l_shipdate_l_suppkey_brin_idx,9035,AccessShareLock,t
1416684433.71247,lineitem_l_shipdate_l_suppkey_brin_idx,8950,AccessShareLock,t
1416684433.71247,lineitem_l_shipdate_l_suppkey_brin_idx,8878,AccessShareLock,t
1416684433.71247,lineitem_l_shipdate_l_suppkey_brin_idx,8938,AccessShareLock,t
1416684433.71247,lineitem_l_shipdate_l_suppkey_brin_idx,8848,AccessShareLock,t
1416684433.71247,lineitem_l_shipdate_l_suppkey_brin_idx,9005,AccessShareLock,t
1416684433.71247,lineitem_l_shipdate_l_suppkey_brin_idx,9023,RowExclusiveLock,t
1416684433.71247,nation,8848,AccessShareLock,t
1416684433.71247,nation,8938,AccessShareLock,t
1416684433.71247,orders,9005,AccessShareLock,t
1416684433.71247,orders,8878,AccessShareLock,t
1416684433.71247,orders,8848,AccessShareLock,t
1416684433.71247,orders,8938,AccessShareLock,t
1416684433.71247,orders_o_orderdate_o_orderkey_brin_idx,9005,AccessShareLock,t
1416684433.71247,orders_o_orderdate_o_orderkey_brin_idx,8848,AccessShareLock,t
1416684433.71247,orders_o_orderdate_o_orderkey_brin_idx,8938,AccessShareLock,t
1416684433.71247,orders_o_orderdate_o_orderkey_brin_idx,8878,AccessShareLock,t
1416684433.71247,orders_o_orderkey_o_orderdate_brin_idx,8938,AccessShareLock,t
1416684433.71247,orders_o_orderkey_o_orderdate_brin_idx,8848,AccessShareLock,t
1416684433.71247,orders_o_orderkey_o_orderdate_brin_idx,8878,AccessShareLock,t
1416684433.71247,orders_o_orderkey_o_orderdate_brin_idx,9005,AccessShareLock,t
1416684433.71247,part,8938,AccessShareLock,t
1416684433.71247,part,9035,AccessShareLock,t
1416684433.71247,part,8848,AccessShareLock,t
1416684433.71247,part_p_container_p_brand_p_partkey_idx,8938,AccessShareLock,t
1416684433.71247,part_p_container_p_brand_p_partkey_idx,8848,AccessShareLock,t
1416684433.71247,part_p_container_p_brand_p_partkey_idx,9035,AccessShareLock,t
1416684433.71247,part_p_name_idx,8848,AccessShareLock,t
1416684433.71247,part_p_name_idx,8938,AccessShareLock,t
1416684433.71247,part_p_name_idx,9035,AccessShareLock,t
1416684433.71247,part_p_size_brin_idx,8848,AccessShareLock,t
1416684433.71247,part_p_size_brin_idx,9035,AccessShareLock,t
1416684433.71247,part_p_size_brin_idx,8938,AccessShareLock,t
1416684433.71247,part_p_type_p_partkey_idx,8848,AccessShareLock,t
1416684433.71247,part_p_type_p_partkey_idx,8938,AccessShareLock,t
1416684433.71247,part_p_type_p_partkey_idx,9035,AccessShareLock,t
1416684433.71247,partsupp,8938,AccessShareLock,t
1416684433.71247,partsupp,8848,AccessShareLock,t
1416684433.71247,partsupp_ps_suppkey_idx,8938,AccessShareLock,t
1416684433.71247,partsupp_ps_suppkey_idx,8848,AccessShareLock,t
1416684433.71247,pg_locks,9044,AccessShareLock,t
1416684433.71247,pg_stat_all_indexes,9047,AccessShareLock,t
1416684433.71247,pg_stat_all_tables,9046,AccessShareLock,t
1416684433.71247,pg_stat_database,9043,AccessShareLock,t
1416684433.71247,pg_statio_all_indexes,9047,AccessShareLock,t
1416684433.71247,pg_statio_all_tables,9046,AccessShareLock,t
1416684433.71247,pk_customer,8878,AccessShareLock,t
1416684433.71247,pk_lineitem,9005,AccessShareLock,t
1416684433.71247,pk_lineitem,8950,AccessShareLock,t
1416684433.71247,pk_lineitem,8848,AccessShareLock,t
1416684433.71247,pk_lineitem,9035,AccessShareLock,t
1416684433.71247,pk_lineitem,8938,AccessShareLock,t
1416684433.71247,pk_lineitem,8878,AccessShareLock,t
1416684433.71247,pk_lineitem,9023,RowExclusiveLock,t
1416684433.71247,pk_nation,8938,AccessShareLock,t
1416684433.71247,pk_nation,8848,AccessShareLock,t
1416684433.71247,pk_orders,8848,AccessShareLock,t
1416684433.71247,pk_orders,8878,AccessShareLock,t
1416684433.71247,pk_orders,9005,AccessShareLock,t
1416684433.71247,pk_orders,8938,AccessShareLock,t
1416684433.71247,pk_part,9035,AccessShareLock,t
1416684433.71247,pk_part,8848,AccessShareLock,t
1416684433.71247,pk_part,8938,AccessShareLock,t
1416684433.71247,pk_partsupp,8848,AccessShareLock,t
1416684433.71247,pk_partsupp,8938,AccessShareLock,t
1416684433.71247,pk_supplier,8938,AccessShareLock,t
1416684433.71247,pk_supplier,8950,AccessShareLock,t
1416684433.71247,pk_supplier,8848,AccessShareLock,t
1416684433.71247,supplier,8950,AccessShareLock,t
1416684433.71247,supplier,8848,AccessShareLock,t
1416684433.71247,supplier,8938,AccessShareLock,t
1416684433.71247,supplier_s_nationkey_s_suppkey_brin_idx,8950,AccessShareLock,t
1416684433.71247,supplier_s_nationkey_s_suppkey_brin_idx,8848,AccessShareLock,t
1416684433.71247,supplier_s_nationkey_s_suppkey_brin_idx,8938,AccessShareLock,t
1416684433.71247,supplier_s_suppkey_idx_like,8950,AccessShareLock,t
1416684433.71247,supplier_s_suppkey_idx_like,8848,AccessShareLock,t
1416684433.71247,supplier_s_suppkey_idx_like,8938,AccessShareLock,t
1416684493.71359,customer,9271,AccessShareLock,t
1416684493.71359,customer_c_mktsegment_c_custkey_idx,9271,AccessShareLock,t
1416684493.71359,customer_c_nationkey_c_custkey_brin_idx,9271,AccessShareLock,t
1416684493.71359,customer_c_phone_idx,9271,AccessShareLock,t
1416684493.71359,customer_c_phone_idx_c_acctbal,9271,AccessShareLock,t
1416684493.71359,lineitem,9138,AccessShareLock,t
1416684493.71359,lineitem,9223,AccessShareLock,t
1416684493.71359,lineitem,9199,AccessShareLock,t
1416684493.71359,lineitem,9271,AccessShareLock,t
1416684493.71359,lineitem_l_orderkey_brin_idx,9271,AccessShareLock,t
1416684493.71359,lineitem_l_orderkey_brin_idx,9199,AccessShareLock,t
1416684493.71359,lineitem_l_orderkey_brin_idx,9223,AccessShareLock,t
1416684493.71359,lineitem_l_orderkey_brin_idx,9138,AccessShareLock,t
1416684493.71359,lineitem_l_orderkey_idx_brin_part1,9199,AccessShareLock,t
1416684493.71359,lineitem_l_orderkey_idx_brin_part1,9223,AccessShareLock,t
1416684493.71359,lineitem_l_orderkey_idx_brin_part1,9138,AccessShareLock,t
1416684493.71359,lineitem_l_orderkey_idx_brin_part1,9271,AccessShareLock,t
1416684493.71359,lineitem_l_orderkey_idx_brin_part2,9271,AccessShareLock,t
1416684493.71359,lineitem_l_orderkey_idx_brin_part2,9199,AccessShareLock,t
1416684493.71359,lineitem_l_orderkey_idx_brin_part2,9223,AccessShareLock,t
1416684493.71359,lineitem_l_orderkey_idx_brin_part2,9138,AccessShareLock,t
1416684493.71359,lineitem_l_orderkey_l_linenumber_l_shipdate_brin_idx,9199,AccessShareLock,t
1416684493.71359,lineitem_l_orderkey_l_linenumber_l_shipdate_brin_idx,9223,AccessShareLock,t
1416684493.71359,lineitem_l_orderkey_l_linenumber_l_shipdate_brin_idx,9138,AccessShareLock,t
1416684493.71359,lineitem_l_orderkey_l_linenumber_l_shipdate_brin_idx,9271,AccessShareLock,t
1416684493.71359,lineitem_l_partkey_l_quantity_brin_idx,9271,AccessShareLock,t
1416684493.71359,lineitem_l_partkey_l_quantity_brin_idx,9223,AccessShareLock,t
1416684493.71359,lineitem_l_partkey_l_quantity_brin_idx,9138,AccessShareLock,t
1416684493.71359,lineitem_l_partkey_l_quantity_brin_idx,9199,AccessShareLock,t
1416684493.71359,lineitem_l_partkey_l_quantity_idx,9199,AccessShareLock,t
1416684493.71359,lineitem_l_partkey_l_quantity_idx,9138,AccessShareLock,t
1416684493.71359,lineitem_l_partkey_l_quantity_idx,9271,AccessShareLock,t
1416684493.71359,lineitem_l_partkey_l_quantity_idx,9223,AccessShareLock,t
1416684493.71359,lineitem_l_shipdate_l_suppkey_brin_idx,9223,AccessShareLock,t
1416684493.71359,lineitem_l_shipdate_l_suppkey_brin_idx,9271,AccessShareLock,t
1416684493.71359,lineitem_l_shipdate_l_suppkey_brin_idx,9138,AccessShareLock,t
1416684493.71359,lineitem_l_shipdate_l_suppkey_brin_idx,9199,AccessShareLock,t
1416684493.71359,nation,9199,AccessShareLock,t
1416684493.71359,nation,9247,AccessShareLock,t
1416684493.71359,orders,9271,AccessShareLock,t
1416684493.71359,orders,9223,AccessShareLock,t
1416684493.71359,orders,9199,AccessShareLock,t
1416684493.71359,orders_o_orderdate_o_orderkey_brin_idx,9271,AccessShareLock,t
1416684493.71359,orders_o_orderdate_o_orderkey_brin_idx,9199,AccessShareLock,t
1416684493.71359,orders_o_orderdate_o_orderkey_brin_idx,9223,AccessShareLock,t
1416684493.71359,orders_o_orderkey_o_orderdate_brin_idx,9271,AccessShareLock,t
1416684493.71359,orders_o_orderkey_o_orderdate_brin_idx,9199,AccessShareLock,t
1416684493.71359,orders_o_orderkey_o_orderdate_brin_idx,9223,AccessShareLock,t
1416684493.71359,part,9199,AccessShareLock,t
1416684493.71359,part,9259,AccessShareLock,t
1416684493.71359,part_p_container_p_brand_p_partkey_idx,9199,AccessShareLock,t
1416684493.71359,part_p_container_p_brand_p_partkey_idx,9259,AccessShareLock,t
1416684493.71359,part_p_name_idx,9199,AccessShareLock,t
1416684493.71359,part_p_name_idx,9259,AccessShareLock,t
1416684493.71359,part_p_size_brin_idx,9259,AccessShareLock,t
1416684493.71359,part_p_size_brin_idx,9199,AccessShareLock,t
1416684493.71359,part_p_type_p_partkey_idx,9199,AccessShareLock,t
1416684493.71359,part_p_type_p_partkey_idx,9259,AccessShareLock,t
1416684493.71359,partsupp,9247,AccessShareLock,t
1416684493.71359,partsupp,9199,AccessShareLock,t
1416684493.71359,partsupp,9259,AccessShareLock,t
1416684493.71359,partsupp_ps_suppkey_idx,9199,AccessShareLock,t
1416684493.71359,partsupp_ps_suppkey_idx,9247,AccessShareLock,t
1416684493.71359,partsupp_ps_suppkey_idx,9259,AccessShareLock,t
1416684493.71359,pg_locks,9281,AccessShareLock,t
1416684493.71359,pg_stat_activity,9280,AccessShareLock,t
1416684493.71359,pg_stat_all_indexes,9283,AccessShareLock,t
1416684493.71359,pg_stat_all_tables,9279,AccessShareLock,t
1416684493.71359,pg_stat_database,9282,AccessShareLock,t
1416684493.71359,pg_statio_all_indexes,9283,AccessShareLock,t
1416684493.71359,pg_statio_all_tables,9279,AccessShareLock,t
1416684493.71359,pk_customer,9271,AccessShareLock,t
1416684493.71359,pk_lineitem,9138,AccessShareLock,t
1416684493.71359,pk_lineitem,9223,AccessShareLock,t
1416684493.71359,pk_lineitem,9199,AccessShareLock,t
1416684493.71359,pk_lineitem,9271,AccessShareLock,t
1416684493.71359,pk_nation,9199,AccessShareLock,t
1416684493.71359,pk_nation,9247,AccessShareLock,t
1416684493.71359,pk_orders,9271,AccessShareLock,t
1416684493.71359,pk_orders,9199,AccessShareLock,t
1416684493.71359,pk_orders,9223,AccessShareLock,t
1416684493.71359,pk_part,9199,AccessShareLock,t
1416684493.71359,pk_part,9259,AccessShareLock,t
1416684493.71359,pk_partsupp,9199,AccessShareLock,t
1416684493.71359,pk_partsupp,9247,AccessShareLock,t
1416684493.71359,pk_partsupp,9259,AccessShareLock,t
1416684493.71359,pk_supplier,9199,AccessShareLock,t
1416684493.71359,pk_supplier,9247,AccessShareLock,t
1416684493.71359,pk_supplier,9138,AccessShareLock,t
1416684493.71359,pk_supplier,9259,AccessShareLock,t
1416684493.71359,supplier,9259,AccessShareLock,t
1416684493.71359,supplier,9247,AccessShareLock,t
1416684493.71359,supplier,9199,AccessShareLock,t
1416684493.71359,supplier,9138,AccessShareLock,t
1416684493.71359,supplier_s_nationkey_s_suppkey_brin_idx,9199,AccessShareLock,t
1416684493.71359,supplier_s_nationkey_s_suppkey_brin_idx,9138,AccessShareLock,t
1416684493.71359,supplier_s_nationkey_s_suppkey_brin_idx,9259,AccessShareLock,t
1416684493.71359,supplier_s_nationkey_s_suppkey_brin_idx,9247,AccessShareLock,t
1416684493.71359,supplier_s_suppkey_idx_like,9199,AccessShareLock,t
1416684493.71359,supplier_s_suppkey_idx_like,9138,AccessShareLock,t
1416684493.71359,supplier_s_suppkey_idx_like,9259,AccessShareLock,t
1416684493.71359,supplier_s_suppkey_idx_like,9247,AccessShareLock,t
1416684553.71528,customer,9380,AccessShareLock,t
1416684553.71528,customer,9404,AccessShareLock,t
1416684553.71528,customer,9416,AccessShareLock,t
1416684553.71528,customer,9331,AccessShareLock,t
1416684553.71528,customer_c_mktsegment_c_custkey_idx,9404,AccessShareLock,t
1416684553.71528,customer_c_mktsegment_c_custkey_idx,9416,AccessShareLock,t
1416684553.71528,customer_c_mktsegment_c_custkey_idx,9380,AccessShareLock,t
1416684553.71528,customer_c_mktsegment_c_custkey_idx,9331,AccessShareLock,t
1416684553.71528,customer_c_nationkey_c_custkey_brin_idx,9331,AccessShareLock,t
1416684553.71528,customer_c_nationkey_c_custkey_brin_idx,9416,AccessShareLock,t
1416684553.71528,customer_c_nationkey_c_custkey_brin_idx,9380,AccessShareLock,t
1416684553.71528,customer_c_nationkey_c_custkey_brin_idx,9404,AccessShareLock,t
1416684553.71528,customer_c_phone_idx,9404,AccessShareLock,t
1416684553.71528,customer_c_phone_idx,9416,AccessShareLock,t
1416684553.71528,customer_c_phone_idx,9331,AccessShareLock,t
1416684553.71528,customer_c_phone_idx,9380,AccessShareLock,t
1416684553.71528,customer_c_phone_idx_c_acctbal,9331,AccessShareLock,t
1416684553.71528,customer_c_phone_idx_c_acctbal,9416,AccessShareLock,t
1416684553.71528,customer_c_phone_idx_c_acctbal,9380,AccessShareLock,t
1416684553.71528,customer_c_phone_idx_c_acctbal,9404,AccessShareLock,t
1416684553.71528,lineitem,9416,AccessShareLock,t
1416684553.71528,lineitem,9380,AccessShareLock,t
1416684553.71528,lineitem,9392,AccessShareLock,t
1416684553.71528,lineitem,9199,AccessShareLock,t
1416684553.71528,lineitem,9331,AccessShareLock,t
1416684553.71528,lineitem_l_orderkey_brin_idx,9380,AccessShareLock,t
1416684553.71528,lineitem_l_orderkey_brin_idx,9199,AccessShareLock,t
1416684553.71528,lineitem_l_orderkey_brin_idx,9392,AccessShareLock,t
1416684553.71528,lineitem_l_orderkey_brin_idx,9331,AccessShareLock,t
1416684553.71528,lineitem_l_orderkey_brin_idx,9416,AccessShareLock,t
1416684553.71528,lineitem_l_orderkey_idx_brin_part1,9331,AccessShareLock,t
1416684553.71528,lineitem_l_orderkey_idx_brin_part1,9416,AccessShareLock,t
1416684553.71528,lineitem_l_orderkey_idx_brin_part1,9392,AccessShareLock,t
1416684553.71528,lineitem_l_orderkey_idx_brin_part1,9199,AccessShareLock,t
1416684553.71528,lineitem_l_orderkey_idx_brin_part1,9380,AccessShareLock,t
1416684553.71528,lineitem_l_orderkey_idx_brin_part2,9331,AccessShareLock,t
1416684553.71528,lineitem_l_orderkey_idx_brin_part2,9380,AccessShareLock,t
1416684553.71528,lineitem_l_orderkey_idx_brin_part2,9416,AccessShareLock,t
1416684553.71528,lineitem_l_orderkey_idx_brin_part2,9199,AccessShareLock,t
1416684553.71528,lineitem_l_orderkey_idx_brin_part2,9392,AccessShareLock,t
1416684553.71528,lineitem_l_orderkey_l_linenumber_l_shipdate_brin_idx,9416,AccessShareLock,t
1416684553.71528,lineitem_l_orderkey_l_linenumber_l_shipdate_brin_idx,9380,AccessShareLock,t
1416684553.71528,lineitem_l_orderkey_l_linenumber_l_shipdate_brin_idx,9331,AccessShareLock,t
1416684553.71528,lineitem_l_orderkey_l_linenumber_l_shipdate_brin_idx,9199,AccessShareLock,t
1416684553.71528,lineitem_l_orderkey_l_linenumber_l_shipdate_brin_idx,9392,AccessShareLock,t
1416684553.71528,lineitem_l_partkey_l_quantity_brin_idx,9392,AccessShareLock,t
1416684553.71528,lineitem_l_partkey_l_quantity_brin_idx,9416,AccessShareLock,t
1416684553.71528,lineitem_l_partkey_l_quantity_brin_idx,9199,AccessShareLock,t
1416684553.71528,lineitem_l_partkey_l_quantity_brin_idx,9331,AccessShareLock,t
1416684553.71528,lineitem_l_partkey_l_quantity_brin_idx,9380,AccessShareLock,t
1416684553.71528,lineitem_l_partkey_l_quantity_idx,9199,AccessShareLock,t
1416684553.71528,lineitem_l_partkey_l_quantity_idx,9416,AccessShareLock,t
1416684553.71528,lineitem_l_partkey_l_quantity_idx,9380,AccessShareLock,t
1416684553.71528,lineitem_l_partkey_l_quantity_idx,9392,AccessShareLock,t
1416684553.71528,lineitem_l_partkey_l_quantity_idx,9331,AccessShareLock,t
1416684553.71528,lineitem_l_shipdate_l_suppkey_brin_idx,9199,AccessShareLock,t
1416684553.71528,lineitem_l_shipdate_l_suppkey_brin_idx,9416,AccessShareLock,t
1416684553.71528,lineitem_l_shipdate_l_suppkey_brin_idx,9380,AccessShareLock,t
1416684553.71528,lineitem_l_shipdate_l_suppkey_brin_idx,9392,AccessShareLock,t
1416684553.71528,lineitem_l_shipdate_l_suppkey_brin_idx,9331,AccessShareLock,t
1416684553.71528,nation,9199,AccessShareLock,t
1416684553.71528,nation,9380,AccessShareLock,t
1416684553.71528,orders,9416,AccessShareLock,t
1416684553.71528,orders,9380,AccessShareLock,t
1416684553.71528,orders,9199,AccessShareLock,t
1416684553.71528,orders,9331,AccessShareLock,t
1416684553.71528,orders,9404,AccessShareLock,t
1416684553.71528,orders_o_orderdate_o_orderkey_brin_idx,9404,AccessShareLock,t
1416684553.71528,orders_o_orderdate_o_orderkey_brin_idx,9199,AccessShareLock,t
1416684553.71528,orders_o_orderdate_o_orderkey_brin_idx,9416,AccessShareLock,t
1416684553.71528,orders_o_orderdate_o_orderkey_brin_idx,9380,AccessShareLock,t
1416684553.71528,orders_o_orderdate_o_orderkey_brin_idx,9331,AccessShareLock,t
1416684553.71528,orders_o_orderkey_o_orderdate_brin_idx,9416,AccessShareLock,t
1416684553.71528,orders_o_orderkey_o_orderdate_brin_idx,9199,AccessShareLock,t
1416684553.71528,orders_o_orderkey_o_orderdate_brin_idx,9404,AccessShareLock,t
1416684553.71528,orders_o_orderkey_o_orderdate_brin_idx,9380,AccessShareLock,t
1416684553.71528,orders_o_orderkey_o_orderdate_brin_idx,9331,AccessShareLock,t
1416684553.71528,part,9199,AccessShareLock,t
1416684553.71528,part_p_container_p_brand_p_partkey_idx,9199,AccessShareLock,t
1416684553.71528,part_p_name_idx,9199,AccessShareLock,t
1416684553.71528,part_p_size_brin_idx,9199,AccessShareLock,t
1416684553.71528,part_p_type_p_partkey_idx,9199,AccessShareLock,t
1416684553.71528,partsupp,9199,AccessShareLock,t
1416684553.71528,partsupp_ps_suppkey_idx,9199,AccessShareLock,t
1416684553.71528,pg_locks,9427,AccessShareLock,t
1416684553.71528,pg_stat_all_indexes,9428,AccessShareLock,t
1416684553.71528,pg_stat_all_tables,9425,AccessShareLock,t
1416684553.71528,pg_stat_database,9426,AccessShareLock,t
1416684553.71528,pg_statio_all_indexes,9428,AccessShareLock,t
1416684553.71528,pg_statio_all_tables,9425,AccessShareLock,t
1416684553.71528,pk_customer,9416,AccessShareLock,t
1416684553.71528,pk_customer,9380,AccessShareLock,t
1416684553.71528,pk_customer,9331,AccessShareLock,t
1416684553.71528,pk_customer,9404,AccessShareLock,t
1416684553.71528,pk_lineitem,9331,AccessShareLock,t
1416684553.71528,pk_lineitem,9199,AccessShareLock,t
1416684553.71528,pk_lineitem,9392,AccessShareLock,t
1416684553.71528,pk_lineitem,9416,AccessShareLock,t
1416684553.71528,pk_lineitem,9380,AccessShareLock,t
1416684553.71528,pk_nation,9380,AccessShareLock,t
1416684553.71528,pk_nation,9199,AccessShareLock,t
1416684553.71528,pk_orders,9380,AccessShareLock,t
1416684553.71528,pk_orders,9331,AccessShareLock,t
1416684553.71528,pk_orders,9404,AccessShareLock,t
1416684553.71528,pk_orders,9416,AccessShareLock,t
1416684553.71528,pk_orders,9199,AccessShareLock,t
1416684553.71528,pk_part,9199,AccessShareLock,t
1416684553.71528,pk_partsupp,9199,AccessShareLock,t
1416684553.71528,pk_supplier,9199,AccessShareLock,t
1416684553.71528,supplier,9199,AccessShareLock,t
1416684553.71528,supplier_s_nationkey_s_suppkey_brin_idx,9199,AccessShareLock,t
1416684553.71528,supplier_s_suppkey_idx_like,9199,AccessShareLock,t
1416684613.71733,customer,9452,AccessShareLock,t
1416684613.71733,customer_c_mktsegment_c_custkey_idx,9452,AccessShareLock,t
1416684613.71733,customer_c_nationkey_c_custkey_brin_idx,9452,AccessShareLock,t
1416684613.71733,customer_c_phone_idx,9452,AccessShareLock,t
1416684613.71733,customer_c_phone_idx_c_acctbal,9452,AccessShareLock,t
1416684613.71733,lineitem,9537,AccessShareLock,t
1416684613.71733,lineitem,9392,AccessShareLock,t
1416684613.71733,lineitem,9513,AccessShareLock,t
1416684613.71733,lineitem,9569,AccessShareLock,t
1416684613.71733,lineitem,9581,AccessShareLock,t
1416684613.71733,lineitem,9452,AccessShareLock,t
1416684613.71733,lineitem_l_orderkey_brin_idx,9452,AccessShareLock,t
1416684613.71733,lineitem_l_orderkey_brin_idx,9581,AccessShareLock,t
1416684613.71733,lineitem_l_orderkey_brin_idx,9392,AccessShareLock,t
1416684613.71733,lineitem_l_orderkey_brin_idx,9513,AccessShareLock,t
1416684613.71733,lineitem_l_orderkey_brin_idx,9537,AccessShareLock,t
1416684613.71733,lineitem_l_orderkey_brin_idx,9569,AccessShareLock,t
1416684613.71733,lineitem_l_orderkey_idx_brin_part1,9537,AccessShareLock,t
1416684613.71733,lineitem_l_orderkey_idx_brin_part1,9392,AccessShareLock,t
1416684613.71733,lineitem_l_orderkey_idx_brin_part1,9581,AccessShareLock,t
1416684613.71733,lineitem_l_orderkey_idx_brin_part1,9452,AccessShareLock,t
1416684613.71733,lineitem_l_orderkey_idx_brin_part1,9569,AccessShareLock,t
1416684613.71733,lineitem_l_orderkey_idx_brin_part1,9513,AccessShareLock,t
1416684613.71733,lineitem_l_orderkey_idx_brin_part2,9452,AccessShareLock,t
1416684613.71733,lineitem_l_orderkey_idx_brin_part2,9581,AccessShareLock,t
1416684613.71733,lineitem_l_orderkey_idx_brin_part2,9569,AccessShareLock,t
1416684613.71733,lineitem_l_orderkey_idx_brin_part2,9537,AccessShareLock,t
1416684613.71733,lineitem_l_orderkey_idx_brin_part2,9392,AccessShareLock,t
1416684613.71733,lineitem_l_orderkey_idx_brin_part2,9513,AccessShareLock,t
1416684613.71733,lineitem_l_orderkey_l_linenumber_l_shipdate_brin_idx,9581,AccessShareLock,t
1416684613.71733,lineitem_l_orderkey_l_linenumber_l_shipdate_brin_idx,9569,AccessShareLock,t
1416684613.71733,lineitem_l_orderkey_l_linenumber_l_shipdate_brin_idx,9452,AccessShareLock,t
1416684613.71733,lineitem_l_orderkey_l_linenumber_l_shipdate_brin_idx,9392,AccessShareLock,t
1416684613.71733,lineitem_l_orderkey_l_linenumber_l_shipdate_brin_idx,9513,AccessShareLock,t
1416684613.71733,lineitem_l_orderkey_l_linenumber_l_shipdate_brin_idx,9537,AccessShareLock,t
1416684613.71733,lineitem_l_partkey_l_quantity_brin_idx,9581,AccessShareLock,t
1416684613.71733,lineitem_l_partkey_l_quantity_brin_idx,9392,AccessShareLock,t
1416684613.71733,lineitem_l_partkey_l_quantity_brin_idx,9452,AccessShareLock,t
1416684613.71733,lineitem_l_partkey_l_quantity_brin_idx,9537,AccessShareLock,t
1416684613.71733,lineitem_l_partkey_l_quantity_brin_idx,9513,AccessShareLock,t
1416684613.71733,lineitem_l_partkey_l_quantity_brin_idx,9569,AccessShareLock,t
1416684613.71733,lineitem_l_partkey_l_quantity_idx,9392,AccessShareLock,t
1416684613.71733,lineitem_l_partkey_l_quantity_idx,9513,AccessShareLock,t
1416684613.71733,lineitem_l_partkey_l_quantity_idx,9537,AccessShareLock,t
1416684613.71733,lineitem_l_partkey_l_quantity_idx,9452,AccessShareLock,t
1416684613.71733,lineitem_l_partkey_l_quantity_idx,9569,AccessShareLock,t
1416684613.71733,lineitem_l_partkey_l_quantity_idx,9581,AccessShareLock,t
1416684613.71733,lineitem_l_shipdate_l_suppkey_brin_idx,9452,AccessShareLock,t
1416684613.71733,lineitem_l_shipdate_l_suppkey_brin_idx,9569,AccessShareLock,t
1416684613.71733,lineitem_l_shipdate_l_suppkey_brin_idx,9581,AccessShareLock,t
1416684613.71733,lineitem_l_shipdate_l_suppkey_brin_idx,9392,AccessShareLock,t
1416684613.71733,lineitem_l_shipdate_l_suppkey_brin_idx,9513,AccessShareLock,t
1416684613.71733,lineitem_l_shipdate_l_suppkey_brin_idx,9537,AccessShareLock,t
1416684613.71733,nation,9569,AccessShareLock,t
1416684613.71733,orders,9452,AccessShareLock,t
1416684613.71733,orders,9569,AccessShareLock,t
1416684613.71733,orders_o_orderdate_o_orderkey_brin_idx,9452,AccessShareLock,t
1416684613.71733,orders_o_orderdate_o_orderkey_brin_idx,9569,AccessShareLock,t
1416684613.71733,orders_o_orderkey_o_orderdate_brin_idx,9452,AccessShareLock,t
1416684613.71733,orders_o_orderkey_o_orderdate_brin_idx,9569,AccessShareLock,t
1416684613.71733,part,9569,AccessShareLock,t
1416684613.71733,part_p_container_p_brand_p_partkey_idx,9569,AccessShareLock,t
1416684613.71733,part_p_name_idx,9569,AccessShareLock,t
1416684613.71733,part_p_size_brin_idx,9569,AccessShareLock,t
1416684613.71733,part_p_type_p_partkey_idx,9569,AccessShareLock,t
1416684613.71733,partsupp,9569,AccessShareLock,t
1416684613.71733,partsupp_ps_suppkey_idx,9569,AccessShareLock,t
1416684613.71733,pg_locks,9589,AccessShareLock,t
1416684613.71733,pg_stat_activity,9591,AccessShareLock,t
1416684613.71733,pg_stat_all_indexes,9593,AccessShareLock,t
1416684613.71733,pg_stat_all_tables,9592,AccessShareLock,t
1416684613.71733,pg_stat_database,9590,AccessShareLock,t
1416684613.71733,pg_statio_all_indexes,9593,AccessShareLock,t
1416684613.71733,pg_statio_all_tables,9592,AccessShareLock,t
1416684613.71733,pk_customer,9452,AccessShareLock,t
1416684613.71733,pk_lineitem,9581,AccessShareLock,t
1416684613.71733,pk_lineitem,9452,AccessShareLock,t
1416684613.71733,pk_lineitem,9537,AccessShareLock,t
1416684613.71733,pk_lineitem,9513,AccessShareLock,t
1416684613.71733,pk_lineitem,9392,AccessShareLock,t
1416684613.71733,pk_lineitem,9569,AccessShareLock,t
1416684613.71733,pk_nation,9569,AccessShareLock,t
1416684613.71733,pk_orders,9452,AccessShareLock,t
1416684613.71733,pk_orders,9569,AccessShareLock,t
1416684613.71733,pk_part,9569,AccessShareLock,t
1416684613.71733,pk_partsupp,9569,AccessShareLock,t
1416684613.71733,pk_supplier,9513,AccessShareLock,t
1416684613.71733,pk_supplier,9569,AccessShareLock,t
1416684613.71733,supplier,9569,AccessShareLock,t
1416684613.71733,supplier,9513,AccessShareLock,t
1416684613.71733,supplier_s_nationkey_s_suppkey_brin_idx,9569,AccessShareLock,t
1416684613.71733,supplier_s_nationkey_s_suppkey_brin_idx,9513,AccessShareLock,t
1416684613.71733,supplier_s_suppkey_idx_like,9569,AccessShareLock,t
1416684613.71733,supplier_s_suppkey_idx_like,9513,AccessShareLock,t
1416684673.71898,lineitem,9629,AccessShareLock,t
1416684673.71898,lineitem,9581,AccessShareLock,t
1416684673.71898,lineitem,9537,AccessShareLock,t
1416684673.71898,lineitem,9714,AccessShareLock,t
1416684673.71898,lineitem,9702,AccessShareLock,t
1416684673.71898,lineitem,9569,AccessShareLock,t
1416684673.71898,lineitem_l_orderkey_brin_idx,9537,AccessShareLock,t
1416684673.71898,lineitem_l_orderkey_brin_idx,9629,AccessShareLock,t
1416684673.71898,lineitem_l_orderkey_brin_idx,9714,AccessShareLock,t
1416684673.71898,lineitem_l_orderkey_brin_idx,9702,AccessShareLock,t
1416684673.71898,lineitem_l_orderkey_brin_idx,9581,AccessShareLock,t
1416684673.71898,lineitem_l_orderkey_brin_idx,9569,AccessShareLock,t
1416684673.71898,lineitem_l_orderkey_idx_brin_part1,9702,AccessShareLock,t
1416684673.71898,lineitem_l_orderkey_idx_brin_part1,9569,AccessShareLock,t
1416684673.71898,lineitem_l_orderkey_idx_brin_part1,9629,AccessShareLock,t
1416684673.71898,lineitem_l_orderkey_idx_brin_part1,9537,AccessShareLock,t
1416684673.71898,lineitem_l_orderkey_idx_brin_part1,9714,AccessShareLock,t
1416684673.71898,lineitem_l_orderkey_idx_brin_part1,9581,AccessShareLock,t
1416684673.71898,lineitem_l_orderkey_idx_brin_part2,9581,AccessShareLock,t
1416684673.71898,lineitem_l_orderkey_idx_brin_part2,9702,AccessShareLock,t
1416684673.71898,lineitem_l_orderkey_idx_brin_part2,9714,AccessShareLock,t
1416684673.71898,lineitem_l_orderkey_idx_brin_part2,9537,AccessShareLock,t
1416684673.71898,lineitem_l_orderkey_idx_brin_part2,9629,AccessShareLock,t
1416684673.71898,lineitem_l_orderkey_idx_brin_part2,9569,AccessShareLock,t
1416684673.71898,lineitem_l_orderkey_l_linenumber_l_shipdate_brin_idx,9714,AccessShareLock,t
1416684673.71898,lineitem_l_orderkey_l_linenumber_l_shipdate_brin_idx,9569,AccessShareLock,t
1416684673.71898,lineitem_l_orderkey_l_linenumber_l_shipdate_brin_idx,9581,AccessShareLock,t
1416684673.71898,lineitem_l_orderkey_l_linenumber_l_shipdate_brin_idx,9702,AccessShareLock,t
1416684673.71898,lineitem_l_orderkey_l_linenumber_l_shipdate_brin_idx,9537,AccessShareLock,t
1416684673.71898,lineitem_l_orderkey_l_linenumber_l_shipdate_brin_idx,9629,AccessShareLock,t
1416684673.71898,lineitem_l_partkey_l_quantity_brin_idx,9629,AccessShareLock,t
1416684673.71898,lineitem_l_partkey_l_quantity_brin_idx,9537,AccessShareLock,t
1416684673.71898,lineitem_l_partkey_l_quantity_brin_idx,9714,AccessShareLock,t
1416684673.71898,lineitem_l_partkey_l_quantity_brin_idx,9569,AccessShareLock,t
1416684673.71898,lineitem_l_partkey_l_quantity_brin_idx,9702,AccessShareLock,t
1416684673.71898,lineitem_l_partkey_l_quantity_brin_idx,9581,AccessShareLock,t
1416684673.71898,lineitem_l_partkey_l_quantity_idx,9714,AccessShareLock,t
1416684673.71898,lineitem_l_partkey_l_quantity_idx,9581,AccessShareLock,t
1416684673.71898,lineitem_l_partkey_l_quantity_idx,9569,AccessShareLock,t
1416684673.71898,lineitem_l_partkey_l_quantity_idx,9702,AccessShareLock,t
1416684673.71898,lineitem_l_partkey_l_quantity_idx,9537,AccessShareLock,t
1416684673.71898,lineitem_l_partkey_l_quantity_idx,9629,AccessShareLock,t
1416684673.71898,lineitem_l_shipdate_l_suppkey_brin_idx,9702,AccessShareLock,t
1416684673.71898,lineitem_l_shipdate_l_suppkey_brin_idx,9581,AccessShareLock,t
1416684673.71898,lineitem_l_shipdate_l_suppkey_brin_idx,9569,AccessShareLock,t
1416684673.71898,lineitem_l_shipdate_l_suppkey_brin_idx,9714,AccessShareLock,t
1416684673.71898,lineitem_l_shipdate_l_suppkey_brin_idx,9537,AccessShareLock,t
1416684673.71898,lineitem_l_shipdate_l_suppkey_brin_idx,9629,AccessShareLock,t
1416684673.71898,nation,9569,AccessShareLock,t
1416684673.71898,nation,9714,AccessShareLock,t
1416684673.71898,orders,9569,AccessShareLock,t
1416684673.71898,orders,9702,AccessShareLock,t
1416684673.71898,orders,9714,AccessShareLock,t
1416684673.71898,orders_o_orderdate_o_orderkey_brin_idx,9714,AccessShareLock,t
1416684673.71898,orders_o_orderdate_o_orderkey_brin_idx,9702,AccessShareLock,t
1416684673.71898,orders_o_orderdate_o_orderkey_brin_idx,9569,AccessShareLock,t
1416684673.71898,orders_o_orderkey_o_orderdate_brin_idx,9702,AccessShareLock,t
1416684673.71898,orders_o_orderkey_o_orderdate_brin_idx,9714,AccessShareLock,t
1416684673.71898,orders_o_orderkey_o_orderdate_brin_idx,9569,AccessShareLock,t
1416684673.71898,part,9569,AccessShareLock,t
1416684673.71898,part_p_container_p_brand_p_partkey_idx,9569,AccessShareLock,t
1416684673.71898,part_p_name_idx,9569,AccessShareLock,t
1416684673.71898,part_p_size_brin_idx,9569,AccessShareLock,t
1416684673.71898,part_p_type_p_partkey_idx,9569,AccessShareLock,t
1416684673.71898,partsupp,9569,AccessShareLock,t
1416684673.71898,partsupp_ps_suppkey_idx,9569,AccessShareLock,t
1416684673.71898,pg_locks,9724,AccessShareLock,t
1416684673.71898,pg_stat_activity,9722,AccessShareLock,t
1416684673.71898,pg_stat_all_indexes,9726,AccessShareLock,t
1416684673.71898,pg_stat_all_tables,9723,AccessShareLock,t
1416684673.71898,pg_stat_database,9725,AccessShareLock,t
1416684673.71898,pg_statio_all_indexes,9726,AccessShareLock,t
1416684673.71898,pg_statio_all_tables,9723,AccessShareLock,t
1416684673.71898,pk_lineitem,9714,AccessShareLock,t
1416684673.71898,pk_lineitem,9569,AccessShareLock,t
1416684673.71898,pk_lineitem,9581,AccessShareLock,t
1416684673.71898,pk_lineitem,9629,AccessShareLock,t
1416684673.71898,pk_lineitem,9537,AccessShareLock,t
1416684673.71898,pk_lineitem,9702,AccessShareLock,t
1416684673.71898,pk_nation,9714,AccessShareLock,t
1416684673.71898,pk_nation,9569,AccessShareLock,t
1416684673.71898,pk_orders,9702,AccessShareLock,t
1416684673.71898,pk_orders,9569,AccessShareLock,t
1416684673.71898,pk_orders,9714,AccessShareLock,t
1416684673.71898,pk_part,9569,AccessShareLock,t
1416684673.71898,pk_partsupp,9569,AccessShareLock,t
1416684673.71898,pk_supplier,9569,AccessShareLock,t
1416684673.71898,pk_supplier,9714,AccessShareLock,t
1416684673.71898,supplier,9714,AccessShareLock,t
1416684673.71898,supplier,9569,AccessShareLock,t
1416684673.71898,supplier_s_nationkey_s_suppkey_brin_idx,9714,AccessShareLock,t
1416684673.71898,supplier_s_nationkey_s_suppkey_brin_idx,9569,AccessShareLock,t
1416684673.71898,supplier_s_suppkey_idx_like,9569,AccessShareLock,t
1416684673.71898,supplier_s_suppkey_idx_like,9714,AccessShareLock,t
1416684733.72104,customer,9823,AccessShareLock,t
1416684733.72104,customer,9895,AccessShareLock,t
1416684733.72104,customer_c_mktsegment_c_custkey_idx,9895,AccessShareLock,t
1416684733.72104,customer_c_mktsegment_c_custkey_idx,9823,AccessShareLock,t
1416684733.72104,customer_c_nationkey_c_custkey_brin_idx,9895,AccessShareLock,t
1416684733.72104,customer_c_nationkey_c_custkey_brin_idx,9823,AccessShareLock,t
1416684733.72104,customer_c_phone_idx,9895,AccessShareLock,t
1416684733.72104,customer_c_phone_idx,9823,AccessShareLock,t
1416684733.72104,customer_c_phone_idx_c_acctbal,9895,AccessShareLock,t
1416684733.72104,customer_c_phone_idx_c_acctbal,9823,AccessShareLock,t
1416684733.72104,lineitem,9871,AccessShareLock,t
1416684733.72104,lineitem,9895,AccessShareLock,t
1416684733.72104,lineitem,9798,AccessShareLock,t
1416684733.72104,lineitem,9883,AccessShareLock,t
1416684733.72104,lineitem,9907,AccessShareLock,t
1416684733.72104,lineitem_l_orderkey_brin_idx,9883,AccessShareLock,t
1416684733.72104,lineitem_l_orderkey_brin_idx,9907,AccessShareLock,t
1416684733.72104,lineitem_l_orderkey_brin_idx,9798,AccessShareLock,t
1416684733.72104,lineitem_l_orderkey_brin_idx,9871,AccessShareLock,t
1416684733.72104,lineitem_l_orderkey_brin_idx,9895,AccessShareLock,t
1416684733.72104,lineitem_l_orderkey_idx_brin_part1,9883,AccessShareLock,t
1416684733.72104,lineitem_l_orderkey_idx_brin_part1,9907,AccessShareLock,t
1416684733.72104,lineitem_l_orderkey_idx_brin_part1,9798,AccessShareLock,t
1416684733.72104,lineitem_l_orderkey_idx_brin_part1,9895,AccessShareLock,t
1416684733.72104,lineitem_l_orderkey_idx_brin_part1,9871,AccessShareLock,t
1416684733.72104,lineitem_l_orderkey_idx_brin_part2,9798,AccessShareLock,t
1416684733.72104,lineitem_l_orderkey_idx_brin_part2,9907,AccessShareLock,t
1416684733.72104,lineitem_l_orderkey_idx_brin_part2,9895,AccessShareLock,t
1416684733.72104,lineitem_l_orderkey_idx_brin_part2,9871,AccessShareLock,t
1416684733.72104,lineitem_l_orderkey_idx_brin_part2,9883,AccessShareLock,t
1416684733.72104,lineitem_l_orderkey_l_linenumber_l_shipdate_brin_idx,9798,AccessShareLock,t
1416684733.72104,lineitem_l_orderkey_l_linenumber_l_shipdate_brin_idx,9907,AccessShareLock,t
1416684733.72104,lineitem_l_orderkey_l_linenumber_l_shipdate_brin_idx,9883,AccessShareLock,t
1416684733.72104,lineitem_l_orderkey_l_linenumber_l_shipdate_brin_idx,9895,AccessShareLock,t
1416684733.72104,lineitem_l_orderkey_l_linenumber_l_shipdate_brin_idx,9871,AccessShareLock,t
1416684733.72104,lineitem_l_partkey_l_quantity_brin_idx,9895,AccessShareLock,t
1416684733.72104,lineitem_l_partkey_l_quantity_brin_idx,9871,AccessShareLock,t
1416684733.72104,lineitem_l_partkey_l_quantity_brin_idx,9907,AccessShareLock,t
1416684733.72104,lineitem_l_partkey_l_quantity_brin_idx,9883,AccessShareLock,t
1416684733.72104,lineitem_l_partkey_l_quantity_brin_idx,9798,AccessShareLock,t
1416684733.72104,lineitem_l_partkey_l_quantity_idx,9883,AccessShareLock,t
1416684733.72104,lineitem_l_partkey_l_quantity_idx,9895,AccessShareLock,t
1416684733.72104,lineitem_l_partkey_l_quantity_idx,9798,AccessShareLock,t
1416684733.72104,lineitem_l_partkey_l_quantity_idx,9871,AccessShareLock,t
1416684733.72104,lineitem_l_partkey_l_quantity_idx,9907,AccessShareLock,t
1416684733.72104,lineitem_l_shipdate_l_suppkey_brin_idx,9895,AccessShareLock,t
1416684733.72104,lineitem_l_shipdate_l_suppkey_brin_idx,9798,AccessShareLock,t
1416684733.72104,lineitem_l_shipdate_l_suppkey_brin_idx,9871,AccessShareLock,t
1416684733.72104,lineitem_l_shipdate_l_suppkey_brin_idx,9883,AccessShareLock,t
1416684733.72104,lineitem_l_shipdate_l_suppkey_brin_idx,9907,AccessShareLock,t
1416684733.72104,nation,9895,AccessShareLock,t
1416684733.72104,nation,9871,AccessShareLock,t
1416684733.72104,nation,9907,AccessShareLock,t
1416684733.72104,orders,9871,AccessShareLock,t
1416684733.72104,orders,9895,AccessShareLock,t
1416684733.72104,orders,9823,AccessShareLock,t
1416684733.72104,orders_o_orderdate_o_orderkey_brin_idx,9871,AccessShareLock,t
1416684733.72104,orders_o_orderdate_o_orderkey_brin_idx,9895,AccessShareLock,t
1416684733.72104,orders_o_orderdate_o_orderkey_brin_idx,9823,AccessShareLock,t
1416684733.72104,orders_o_orderkey_o_orderdate_brin_idx,9823,AccessShareLock,t
1416684733.72104,orders_o_orderkey_o_orderdate_brin_idx,9871,AccessShareLock,t
1416684733.72104,orders_o_orderkey_o_orderdate_brin_idx,9895,AccessShareLock,t
1416684733.72104,part,9883,AccessShareLock,t
1416684733.72104,part,9871,AccessShareLock,t
1416684733.72104,part,9907,AccessShareLock,t
1416684733.72104,part_p_container_p_brand_p_partkey_idx,9871,AccessShareLock,t
1416684733.72104,part_p_container_p_brand_p_partkey_idx,9907,AccessShareLock,t
1416684733.72104,part_p_container_p_brand_p_partkey_idx,9883,AccessShareLock,t
1416684733.72104,part_p_name_idx,9907,AccessShareLock,t
1416684733.72104,part_p_name_idx,9871,AccessShareLock,t
1416684733.72104,part_p_name_idx,9883,AccessShareLock,t
1416684733.72104,part_p_size_brin_idx,9883,AccessShareLock,t
1416684733.72104,part_p_size_brin_idx,9871,AccessShareLock,t
1416684733.72104,part_p_size_brin_idx,9907,AccessShareLock,t
1416684733.72104,part_p_type_p_partkey_idx,9871,AccessShareLock,t
1416684733.72104,part_p_type_p_partkey_idx,9883,AccessShareLock,t
1416684733.72104,part_p_type_p_partkey_idx,9907,AccessShareLock,t
1416684733.72104,partsupp,9871,AccessShareLock,t
1416684733.72104,partsupp,9907,AccessShareLock,t
1416684733.72104,partsupp_ps_suppkey_idx,9871,AccessShareLock,t
1416684733.72104,partsupp_ps_suppkey_idx,9907,AccessShareLock,t
1416684733.72104,pg_locks,9915,AccessShareLock,t
1416684733.72104,pg_stat_activity,9919,AccessShareLock,t
1416684733.72104,pg_stat_all_indexes,9918,AccessShareLock,t
1416684733.72104,pg_stat_all_tables,9917,AccessShareLock,t
1416684733.72104,pg_stat_database,9916,AccessShareLock,t
1416684733.72104,pg_statio_all_indexes,9918,AccessShareLock,t
1416684733.72104,pg_statio_all_tables,9917,AccessShareLock,t
1416684733.72104,pk_customer,9895,AccessShareLock,t
1416684733.72104,pk_customer,9823,AccessShareLock,t
1416684733.72104,pk_lineitem,9871,AccessShareLock,t
1416684733.72104,pk_lineitem,9883,AccessShareLock,t
1416684733.72104,pk_lineitem,9907,AccessShareLock,t
1416684733.72104,pk_lineitem,9895,AccessShareLock,t
1416684733.72104,pk_lineitem,9798,AccessShareLock,t
1416684733.72104,pk_nation,9907,AccessShareLock,t
1416684733.72104,pk_nation,9871,AccessShareLock,t
1416684733.72104,pk_nation,9895,AccessShareLock,t
1416684733.72104,pk_orders,9895,AccessShareLock,t
1416684733.72104,pk_orders,9823,AccessShareLock,t
1416684733.72104,pk_orders,9871,AccessShareLock,t
1416684733.72104,pk_part,9883,AccessShareLock,t
1416684733.72104,pk_part,9907,AccessShareLock,t
1416684733.72104,pk_part,9871,AccessShareLock,t
1416684733.72104,pk_partsupp,9871,AccessShareLock,t
1416684733.72104,pk_partsupp,9907,AccessShareLock,t
1416684733.72104,pk_supplier,9895,AccessShareLock,t
1416684733.72104,pk_supplier,9871,AccessShareLock,t
1416684733.72104,pk_supplier,9907,AccessShareLock,t
1416684733.72104,supplier,9895,AccessShareLock,t
1416684733.72104,supplier,9871,AccessShareLock,t
1416684733.72104,supplier,9907,AccessShareLock,t
1416684733.72104,supplier_s_nationkey_s_suppkey_brin_idx,9871,AccessShareLock,t
1416684733.72104,supplier_s_nationkey_s_suppkey_brin_idx,9895,AccessShareLock,t
1416684733.72104,supplier_s_nationkey_s_suppkey_brin_idx,9907,AccessShareLock,t
1416684733.72104,supplier_s_suppkey_idx_like,9871,AccessShareLock,t
1416684733.72104,supplier_s_suppkey_idx_like,9895,AccessShareLock,t
1416684733.72104,supplier_s_suppkey_idx_like,9907,AccessShareLock,t
1416684793.72385,customer,10052,AccessShareLock,t
1416684793.72385,customer,10003,AccessShareLock,t
1416684793.72385,customer_c_mktsegment_c_custkey_idx,10052,AccessShareLock,t
1416684793.72385,customer_c_mktsegment_c_custkey_idx,10003,AccessShareLock,t
1416684793.72385,customer_c_nationkey_c_custkey_brin_idx,10003,AccessShareLock,t
1416684793.72385,customer_c_nationkey_c_custkey_brin_idx,10052,AccessShareLock,t
1416684793.72385,customer_c_phone_idx,10003,AccessShareLock,t
1416684793.72385,customer_c_phone_idx,10052,AccessShareLock,t
1416684793.72385,customer_c_phone_idx_c_acctbal,10052,AccessShareLock,t
1416684793.72385,customer_c_phone_idx_c_acctbal,10003,AccessShareLock,t
1416684793.72385,lineitem,10052,AccessShareLock,t
1416684793.72385,lineitem,10064,AccessShareLock,t
1416684793.72385,lineitem,10027,AccessShareLock,t
1416684793.72385,lineitem,9871,AccessShareLock,t
1416684793.72385,lineitem,10076,AccessShareLock,t
1416684793.72385,lineitem,10003,AccessShareLock,t
1416684793.72385,lineitem_l_orderkey_brin_idx,9871,AccessShareLock,t
1416684793.72385,lineitem_l_orderkey_brin_idx,10052,AccessShareLock,t
1416684793.72385,lineitem_l_orderkey_brin_idx,10076,AccessShareLock,t
1416684793.72385,lineitem_l_orderkey_brin_idx,10027,AccessShareLock,t
1416684793.72385,lineitem_l_orderkey_brin_idx,10064,AccessShareLock,t
1416684793.72385,lineitem_l_orderkey_brin_idx,10003,AccessShareLock,t
1416684793.72385,lineitem_l_orderkey_idx_brin_part1,10027,AccessShareLock,t
1416684793.72385,lineitem_l_orderkey_idx_brin_part1,10076,AccessShareLock,t
1416684793.72385,lineitem_l_orderkey_idx_brin_part1,10003,AccessShareLock,t
1416684793.72385,lineitem_l_orderkey_idx_brin_part1,9871,AccessShareLock,t
1416684793.72385,lineitem_l_orderkey_idx_brin_part1,10052,AccessShareLock,t
1416684793.72385,lineitem_l_orderkey_idx_brin_part1,10064,AccessShareLock,t
1416684793.72385,lineitem_l_orderkey_idx_brin_part2,10052,AccessShareLock,t
1416684793.72385,lineitem_l_orderkey_idx_brin_part2,10076,AccessShareLock,t
1416684793.72385,lineitem_l_orderkey_idx_brin_part2,10003,AccessShareLock,t
1416684793.72385,lineitem_l_orderkey_idx_brin_part2,9871,AccessShareLock,t
1416684793.72385,lineitem_l_orderkey_idx_brin_part2,10064,AccessShareLock,t
1416684793.72385,lineitem_l_orderkey_idx_brin_part2,10027,AccessShareLock,t
1416684793.72385,lineitem_l_orderkey_l_linenumber_l_shipdate_brin_idx,10076,AccessShareLock,t
1416684793.72385,lineitem_l_orderkey_l_linenumber_l_shipdate_brin_idx,10003,AccessShareLock,t
1416684793.72385,lineitem_l_orderkey_l_linenumber_l_shipdate_brin_idx,9871,AccessShareLock,t
1416684793.72385,lineitem_l_orderkey_l_linenumber_l_shipdate_brin_idx,10064,AccessShareLock,t
1416684793.72385,lineitem_l_orderkey_l_linenumber_l_shipdate_brin_idx,10052,AccessShareLock,t
1416684793.72385,lineitem_l_orderkey_l_linenumber_l_shipdate_brin_idx,10027,AccessShareLock,t
1416684793.72385,lineitem_l_partkey_l_quantity_brin_idx,10076,AccessShareLock,t
1416684793.72385,lineitem_l_partkey_l_quantity_brin_idx,10064,AccessShareLock,t
1416684793.72385,lineitem_l_partkey_l_quantity_brin_idx,10027,AccessShareLock,t
1416684793.72385,lineitem_l_partkey_l_quantity_brin_idx,10052,AccessShareLock,t
1416684793.72385,lineitem_l_partkey_l_quantity_brin_idx,10003,AccessShareLock,t
1416684793.72385,lineitem_l_partkey_l_quantity_brin_idx,9871,AccessShareLock,t
1416684793.72385,lineitem_l_partkey_l_quantity_idx,10064,AccessShareLock,t
1416684793.72385,lineitem_l_partkey_l_quantity_idx,10076,AccessShareLock,t
1416684793.72385,lineitem_l_partkey_l_quantity_idx,10003,AccessShareLock,t
1416684793.72385,lineitem_l_partkey_l_quantity_idx,10052,AccessShareLock,t
1416684793.72385,lineitem_l_partkey_l_quantity_idx,10027,AccessShareLock,t
1416684793.72385,lineitem_l_partkey_l_quantity_idx,9871,AccessShareLock,t
1416684793.72385,lineitem_l_shipdate_l_suppkey_brin_idx,10064,AccessShareLock,t
1416684793.72385,lineitem_l_shipdate_l_suppkey_brin_idx,10052,AccessShareLock,t
1416684793.72385,lineitem_l_shipdate_l_suppkey_brin_idx,9871,AccessShareLock,t
1416684793.72385,lineitem_l_shipdate_l_suppkey_brin_idx,10003,AccessShareLock,t
1416684793.72385,lineitem_l_shipdate_l_suppkey_brin_idx,10076,AccessShareLock,t
1416684793.72385,lineitem_l_shipdate_l_suppkey_brin_idx,10027,AccessShareLock,t
1416684793.72385,nation,10064,AccessShareLock,t
1416684793.72385,nation,9871,AccessShareLock,t
1416684793.72385,nation,10027,AccessShareLock,t
1416684793.72385,orders,10052,AccessShareLock,t
1416684793.72385,orders,9871,AccessShareLock,t
1416684793.72385,orders,10076,AccessShareLock,t
1416684793.72385,orders,10003,AccessShareLock,t
1416684793.72385,orders,10064,AccessShareLock,t
1416684793.72385,orders,10027,AccessShareLock,t
1416684793.72385,orders_o_orderdate_o_orderkey_brin_idx,9871,AccessShareLock,t
1416684793.72385,orders_o_orderdate_o_orderkey_brin_idx,10052,AccessShareLock,t
1416684793.72385,orders_o_orderdate_o_orderkey_brin_idx,10076,AccessShareLock,t
1416684793.72385,orders_o_orderdate_o_orderkey_brin_idx,10003,AccessShareLock,t
1416684793.72385,orders_o_orderdate_o_orderkey_brin_idx,10027,AccessShareLock,t
1416684793.72385,orders_o_orderdate_o_orderkey_brin_idx,10064,AccessShareLock,t
1416684793.72385,orders_o_orderkey_o_orderdate_brin_idx,10076,AccessShareLock,t
1416684793.72385,orders_o_orderkey_o_orderdate_brin_idx,10064,AccessShareLock,t
1416684793.72385,orders_o_orderkey_o_orderdate_brin_idx,10027,AccessShareLock,t
1416684793.72385,orders_o_orderkey_o_orderdate_brin_idx,9871,AccessShareLock,t
1416684793.72385,orders_o_orderkey_o_orderdate_brin_idx,10003,AccessShareLock,t
1416684793.72385,orders_o_orderkey_o_orderdate_brin_idx,10052,AccessShareLock,t
1416684793.72385,part,9871,AccessShareLock,t
1416684793.72385,part_p_container_p_brand_p_partkey_idx,9871,AccessShareLock,t
1416684793.72385,part_p_name_idx,9871,AccessShareLock,t
1416684793.72385,part_p_size_brin_idx,9871,AccessShareLock,t
1416684793.72385,part_p_type_p_partkey_idx,9871,AccessShareLock,t
1416684793.72385,partsupp,9871,AccessShareLock,t
1416684793.72385,partsupp_ps_suppkey_idx,9871,AccessShareLock,t
1416684793.72385,pg_locks,10087,AccessShareLock,t
1416684793.72385,pg_stat_all_indexes,10088,AccessShareLock,t
1416684793.72385,pg_stat_all_tables,10084,AccessShareLock,t
1416684793.72385,pg_stat_database,10086,AccessShareLock,t
1416684793.72385,pg_statio_all_indexes,10088,AccessShareLock,t
1416684793.72385,pg_statio_all_tables,10084,AccessShareLock,t
1416684793.72385,pk_customer,10003,AccessShareLock,t
1416684793.72385,pk_customer,10052,AccessShareLock,t
1416684793.72385,pk_lineitem,10027,AccessShareLock,t
1416684793.72385,pk_lineitem,9871,AccessShareLock,t
1416684793.72385,pk_lineitem,10076,AccessShareLock,t
1416684793.72385,pk_lineitem,10003,AccessShareLock,t
1416684793.72385,pk_lineitem,10064,AccessShareLock,t
1416684793.72385,pk_lineitem,10052,AccessShareLock,t
1416684793.72385,pk_nation,10064,AccessShareLock,t
1416684793.72385,pk_nation,9871,AccessShareLock,t
1416684793.72385,pk_nation,10027,AccessShareLock,t
1416684793.72385,pk_orders,10052,AccessShareLock,t
1416684793.72385,pk_orders,10076,AccessShareLock,t
1416684793.72385,pk_orders,10003,AccessShareLock,t
1416684793.72385,pk_orders,9871,AccessShareLock,t
1416684793.72385,pk_orders,10064,AccessShareLock,t
1416684793.72385,pk_orders,10027,AccessShareLock,t
1416684793.72385,pk_part,9871,AccessShareLock,t
1416684793.72385,pk_partsupp,9871,AccessShareLock,t
1416684793.72385,pk_supplier,10027,AccessShareLock,t
1416684793.72385,pk_supplier,9871,AccessShareLock,t
1416684793.72385,pk_supplier,10064,AccessShareLock,t
1416684793.72385,supplier,10027,AccessShareLock,t
1416684793.72385,supplier,10064,AccessShareLock,t
1416684793.72385,supplier,9871,AccessShareLock,t
1416684793.72385,supplier_s_nationkey_s_suppkey_brin_idx,10027,AccessShareLock,t
1416684793.72385,supplier_s_nationkey_s_suppkey_brin_idx,10064,AccessShareLock,t
1416684793.72385,supplier_s_nationkey_s_suppkey_brin_idx,9871,AccessShareLock,t
1416684793.72385,supplier_s_suppkey_idx_like,9871,AccessShareLock,t
1416684793.72385,supplier_s_suppkey_idx_like,10064,AccessShareLock,t
1416684793.72385,supplier_s_suppkey_idx_like,10027,AccessShareLock,t
